/* Statements which insert rows into the tables */
INSERT INTO Company (CompanyName)
VALUES 	('Company Z'),
		('Company G'),
		('Company A'),
		('Company F'),
		('Company M'),
		('Company E'),
		('Company P'),
		('Company L'),
		('Company N'),
		('Company K'),
		('Company H');

INSERT INTO Floor (FloorNumber)
VALUES 	(1),
		(2),
		(3),
		(4),
		(5);

-- Junction table, containing floors and companies
INSERT INTO Tenant (FloorNumber, CompanyName)
VALUES 	(4, 'Company Z'),
		(2, 'Company G'),
		(1, 'Company A'),
		(2, 'Company F'),
		(3, 'Company M'),
		(5, 'Company E'),
		(5, 'Company P'),
		(4, 'Company L'),
		(1, 'Company N'),
		(4, 'Company K'),
		(5, 'Company H');
		
INSERT INTO Employee (EmployeeID, FirstName, LastName, CompanyName)
VALUES
    (1, 'John', 'Doe', 'Company Z'),
    (2, 'Jane', 'Smith', 'Company A'),
    (3, 'Joe', 'Red', 'Company G'),
    (4, 'Sarah', 'Yellow', 'Company A'),
    (5, 'Martin', 'Black', 'Company Z'),
    (6, 'Luke', 'Blue', 'Company A'),
    (7, 'Frank', 'Green', 'Company Z'),
    (8, 'Logan', 'Orange', 'Company G'),
    (9, 'Kendal', 'Tree', 'Company H'),
    (10, 'Roy', 'Bridge', 'Company H'),
    (11, 'Marshal', 'Lake', 'Company Z'),
    (12, 'Steve', 'River', 'Company A'),
    (13, 'Max', 'Park', 'Company Z'),
    (14, 'Sam', 'Smith', 'Company A'),
    (15, 'Tom', 'Shoe', 'Company K'),
    (16, 'Thomas', 'Coat', 'Company L'),
    (17, 'Keith', 'Jacket', 'Company Z'),
    (18, 'Carl', 'Sock', 'Company A'),
    (19, 'Ahmad', 'Umbrella', 'Company L'),
    (20, 'Carol', 'Dog', 'Company L'),
    (21, 'Caroline', 'Cat', 'Company F'),
    (22, 'Kate', 'Leopard', 'Company P'),
    (23, 'Sally', 'Lion', 'Company N'),
    (24, 'Julia', 'Cougar', 'Company A'),
    (25, 'Melony', 'Lynx', 'Company P'),
    (26, 'Jack', 'Ryan', 'Company F'),
    (27, 'Sam', 'French', 'Company Z'),
    (28, 'Isabel', 'German', 'Company A'),
    (29, 'Neil', 'Sword', 'Company K'),
    (30, 'Ben', 'Spear', 'Company G'),
    (31, 'Jamie', 'Axe', 'Company G'),
    (32, 'Darron', 'Bow', 'Company N'),
    (33, 'Luke', 'Arrow', 'Company N'),
    (34, 'Fred', 'Mace', 'Company E'),
    (35, 'Molly', 'Doe', 'Company Z'),
    (36, 'Kate', 'Smith', 'Company E'),
    (37, 'Immy', 'Doe', 'Company Z'),
    (38, 'Gabby', 'Smith', 'Company A'),
    (39, 'Lizzie', 'Gandalf', 'Company Z'),
    (40, 'Elizabeth', 'Frodo', 'Company M'),
    (41, 'Beth', 'Legolas', 'Company E'),
    (42, 'Zoe', 'Aragorn', 'Company M'),
    (43, 'Devon', 'Gimli', 'Company Z'),
    (44, 'Amber', 'Elf', 'Company M');